{"cameraMode":{"drawMode":0,"name":"Shaded","section":"Shading Mode"},"sceneLighting":true,"audioPlay":false,"sceneViewState":{"m_AlwaysRefresh":false,"showFog":true,"showSkybox":true,"showFlares":true,"showImageEffects":true,"showParticleSystems":true,"showVisualEffectGraphs":true,"m_FxEnabled":true},"in2DMode":false,"pivot":{"x":550.2884521484375,"y":318.79290771484377,"z":4.37811279296875},"rotation":{"x":-0.028494367375969888,"y":-0.005406229756772518,"z":0.00015539770538453013,"w":-0.999559223651886},"size":303.6134033203125,"orthographic":false}